﻿<env:Envelope xmlns:env="http://schemas.xmlsoap.org/soap/envelope/" xmlns:wsa="http://www.w3.org/2005/08/addressing">
   <env:Header>
      <wsa:Action>http://xmlns.oracle.com/apps/financials/commonModules/shared/model/erpIntegrationService/ErpObjectAttachmentService/uploadAttachmentResponse</wsa:Action>
      <wsa:MessageID>urn:uuid:79dcf481-8346-4a15-9fd3-2f1486944e37</wsa:MessageID>
   </env:Header>
   <env:Body>
      <ns0:uploadAttachmentResponse xmlns:ns0="http://xmlns.oracle.com/apps/financials/commonModules/shared/model/erpIntegrationService/types/">
         <result xmlns="http://xmlns.oracle.com/apps/financials/commonModules/shared/model/erpIntegrationService/types/">"Attachment1":"SUCCEEDED"</result>
      </ns0:uploadAttachmentResponse>
   </env:Body>
</env:Envelope>