<env:Envelope xmlns:env="http://schemas.xmlsoap.org/soap/envelope/" xmlns:wsa="http://www.w3.org/2005/08/addressing">
   <env:Header>
      <wsa:Action>http://xmlns.oracle.com/apps/financials/commonModules/shared/model/erpIntegrationService/ErpObjectAttachmentService/uploadAttachmentResponse</wsa:Action>
      <wsa:MessageID>urn:uuid:683e0f8a-95aa-4f53-b39c-fbeab9c1957b</wsa:MessageID>
   </env:Header>
   <env:Body>
      <ns0:uploadAttachmentResponse xmlns:ns0="http://xmlns.oracle.com/apps/financials/commonModules/shared/model/erpIntegrationService/types/">
         <result xmlns="http://xmlns.oracle.com/apps/financials/commonModules/shared/model/erpIntegrationService/types/">"Attachment1":"FAILED"</result>
      </ns0:uploadAttachmentResponse>
   </env:Body>
</env:Envelope>