<soap:Envelope xmlns:soap="http://schemas.xmlsoap.org/soap/envelope/">
<soap:Body>
<ns1:uploadAttachment xmlns:ns1="http://xmlns.oracle.com/apps/financials/commonModules/shared/model/erpIntegrationService/types/">
<ns1:entityName>PO_HEADERS</ns1:entityName>
<ns1:categoryName>MISC</ns1:categoryName>
<ns1:allowDuplicate>yes</ns1:allowDuplicate>
<ns1:attachmentRows xmlns:ns2="http://xmlns.oracle.com/apps/financials/commonModules/shared/model/erpIntegrationService/">
<ns2:UserKeyA>P073</ns2:UserKeyA>
<ns2:UserKeyB>Van Buren University</ns2:UserKeyB>
<ns2:UserKeyC>#NULL</ns2:UserKeyC>
<ns2:UserKeyD>#NULL</ns2:UserKeyD>
<ns2:UserKeyE>#NULL</ns2:UserKeyE>
<ns2:AttachmentType>FILE</ns2:AttachmentType>
<ns2:Title>SampleFILE.doc</ns2:Title>
<ns2:Content>VGVzdGluZyBmaWxlIGF0dGFjaG1lbnQu</ns2:Content>
</ns1:attachmentRows>
</ns1:uploadAttachment>
</soap:Body>
</soap:Envelope>